file,repetitiveCodeLines,DeadCodesAfterReturn,MultipleReturnStatementsInFunction,LongStatements,MultipleSameFunctionNames,LongClassOrMethod,LongLoopBlocks,LongConditionalBlocks,LongParameterList,numberOfLines,,repetitiveCodeLines,817,
,,,,,,,,,,,,LongClassOrMethod,208,
./Repositories/advent-of-code-master/run.py,0,0,0,0,0,0,0,1,0,54,,LongParameterList,195,
,,,,,,,,,,,,MultipleReturnStatementsInFunction,183,
./Repositories/chatgpt-api-main/server.py,0,0,0,0,0,0,0,0,0,61,,LongConditionalBlocks,150,
,,,,,,,,,,,,LongStatements,69,
./Repositories/GET3D-master/train_3d.py,1,0,1,1,0,2,0,0,0,330,,MultipleSameFunctionNames,65,
,,,,,,,,,,,,DeadCodesAfterReturn,33,
./Repositories/hackingtool-master/core.py,9,1,4,0,2,1,0,0,0,178,,LongLoopBlocks,0,
,,,,,,,,,,,,,,
./Repositories/hackingtool-master/generate_readme.py,1,0,0,0,0,0,0,0,0,52,,numberOfLines,48847,
,,,,,,,,,,,,0,>0,341
./Repositories/hackingtool-master/hackingtool.py,0,0,0,0,0,0,0,3,0,110,,1,>100,138
,,,,,,,,,,,,2,>200,68
./Repositories/ml-stable-diffusion-main/setup.py,0,0,0,0,0,0,0,0,0,36,,3,>300,41
,,,,,,,,,,,,4,>400,29
./Repositories/natbot-main/natbot.py,20,0,2,3,0,1,0,0,1,639,,5,>500,19
,,,,,,,,,,,,6,>600,12
./Repositories/voltaML-main/setup.py,0,0,0,0,0,0,0,0,0,13,,7,>700,8
,,,,,,,,,,,,8,>800,6
./Repositories/WARP-UNLIMITED-ADVANCED-main/config.py,0,0,0,0,0,1,0,0,0,143,,9,>900,6
,,,,,,,,,,,,10,>1000,4
./Repositories/WARP-UNLIMITED-ADVANCED-main/warp-plus.py,8,0,0,2,0,0,0,3,0,172,,11,>1100,1
,,,,,,,,,,,,,,
./Repositories/WARP-UNLIMITED-ADVANCED-main/warp.py,1,0,0,1,0,0,0,0,0,99,,,,
,,,,,,,,,,,,,,
./Repositories/advent-of-code-master/common/bidict.py,0,0,0,0,0,0,0,0,1,50,,,,
,,,,,,,,,,,,,,
./Repositories/Book4_Power-of-Matrix-main/Book4_Ch01_Python_Codes/Streamlit_Bk4_Ch1_01.py,0,0,0,0,0,0,0,0,0,62,,,,
,,,,,,,,,,,,,,
./Repositories/Book4_Power-of-Matrix-main/Book4_Ch02_Python_Codes/Bk4_Ch2_01.py,0,0,0,0,0,0,0,0,0,30,,,,
,,,,,,,,,,,,,,
./Repositories/Book4_Power-of-Matrix-main/Book4_Ch02_Python_Codes/Bk4_Ch2_02.py,0,0,0,0,0,0,0,0,0,19,,,,
,,,,,,,,,,,,,,
./Repositories/Book4_Power-of-Matrix-main/Book4_Ch02_Python_Codes/Bk4_Ch2_03.py,0,0,0,0,0,0,0,0,0,36,,,,
,,,,,,,,,,,,,,
./Repositories/Book4_Power-of-Matrix-main/Book4_Ch02_Python_Codes/Bk4_Ch2_04.py,0,0,0,0,0,0,0,0,0,26,,,,
,,,,,,,,,,,,,,
./Repositories/Book4_Power-of-Matrix-main/Book4_Ch02_Python_Codes/Bk4_Ch2_05.py,0,0,0,0,0,0,0,0,0,17,,,,
,,,,,,,,,,,,,,
./Repositories/Book4_Power-of-Matrix-main/Book4_Ch02_Python_Codes/Bk4_Ch2_06.py,0,0,0,0,0,0,0,0,0,20,,,,
,,,,,,,,,,,,,,
./Repositories/Book4_Power-of-Matrix-main/Book4_Ch02_Python_Codes/Bk4_Ch2_07.py,0,0,0,0,0,0,0,0,0,19,,,,
,,,,,,,,,,,,,,
./Repositories/Book4_Power-of-Matrix-main/Book4_Ch02_Python_Codes/Bk4_Ch2_08.py,0,0,0,0,0,0,0,0,0,19,,,,
,,,,,,,,,,,,,,
./Repositories/Book4_Power-of-Matrix-main/Book4_Ch02_Python_Codes/Bk4_Ch2_09.py,0,0,0,0,0,0,0,0,0,22,,,,
,,,,,,,,,,,,,,
./Repositories/Book4_Power-of-Matrix-main/Book4_Ch02_Python_Codes/Bk4_Ch2_10.py,0,0,0,0,0,0,0,0,0,37,,,,
,,,,,,,,,,,,,,
./Repositories/Book4_Power-of-Matrix-main/Book4_Ch02_Python_Codes/Bk4_Ch2_11.py,0,0,0,0,0,0,0,0,0,24,,,,
,,,,,,,,,,,,,,
./Repositories/Book4_Power-of-Matrix-main/Book4_Ch02_Python_Codes/Bk4_Ch2_12.py,0,0,0,0,0,0,0,0,0,27,,,,
,,,,,,,,,,,,,,
./Repositories/Book4_Power-of-Matrix-main/Book4_Ch02_Python_Codes/Bk4_Ch2_13.py,0,0,0,0,0,0,0,0,0,40,,,,
,,,,,,,,,,,,,,
./Repositories/Book4_Power-of-Matrix-main/Book4_Ch02_Python_Codes/Streamlit_Bk4_Ch2_13.py,0,0,0,0,0,0,0,0,0,88,,,,
,,,,,,,,,,,,,,
./Repositories/Book4_Power-of-Matrix-main/Book4_Ch03_Python_Codes/Bk4_Ch3_01.py,0,0,0,0,0,0,0,0,0,52,,,,
,,,,,,,,,,,,,,
./Repositories/Book4_Power-of-Matrix-main/Book4_Ch03_Python_Codes/Bk4_Ch3_02.py,0,0,0,0,0,0,0,0,0,53,,,,
,,,,,,,,,,,,,,
./Repositories/Book4_Power-of-Matrix-main/Book4_Ch03_Python_Codes/Streamlit_Bk4_Ch3_01.py,0,0,0,0,0,0,0,0,0,55,,,,
,,,,,,,,,,,,,,
./Repositories/Book4_Power-of-Matrix-main/Book4_Ch03_Python_Codes/Streamlit_Bk4_Ch3_03.py,0,0,0,0,0,0,0,0,2,156,,,,
,,,,,,,,,,,,,,
./Repositories/Book4_Power-of-Matrix-main/Book4_Ch04_Python_Codes/Bk4_Ch4_01.py,0,0,0,0,0,0,0,0,0,41,,,,
,,,,,,,,,,,,,,
./Repositories/Book4_Power-of-Matrix-main/Book4_Ch04_Python_Codes/Bk4_Ch4_02.py,0,0,0,0,0,0,0,0,0,21,,,,
,,,,,,,,,,,,,,
./Repositories/Book4_Power-of-Matrix-main/Book4_Ch04_Python_Codes/Bk4_Ch4_03.py,0,0,0,0,0,0,0,0,0,24,,,,
,,,,,,,,,,,,,,
./Repositories/Book4_Power-of-Matrix-main/Book4_Ch04_Python_Codes/Bk4_Ch4_04.py,0,0,0,0,0,0,0,0,0,19,,,,
,,,,,,,,,,,,,,
./Repositories/Book4_Power-of-Matrix-main/Book4_Ch04_Python_Codes/Bk4_Ch4_05.py,0,0,0,0,0,0,0,0,0,41,,,,
,,,,,,,,,,,,,,
./Repositories/Book4_Power-of-Matrix-main/Book4_Ch04_Python_Codes/Bk4_Ch4_06.py,0,0,0,0,0,0,0,0,0,21,,,,
,,,,,,,,,,,,,,
./Repositories/Book4_Power-of-Matrix-main/Book4_Ch04_Python_Codes/Bk4_Ch4_07.py,0,0,0,0,0,0,0,0,0,32,,,,
,,,,,,,,,,,,,,
./Repositories/Book4_Power-of-Matrix-main/Book4_Ch04_Python_Codes/Bk4_Ch4_08.py,0,0,0,0,0,0,0,0,0,20,,,,
,,,,,,,,,,,,,,
./Repositories/Book4_Power-of-Matrix-main/Book4_Ch04_Python_Codes/Bk4_Ch4_09.py,0,0,0,0,0,0,0,0,0,21,,,,
,,,,,,,,,,,,,,
./Repositories/Book4_Power-of-Matrix-main/Book4_Ch04_Python_Codes/Bk4_Ch4_10.py,0,0,0,0,0,0,0,0,0,19,,,,
,,,,,,,,,,,,,,
./Repositories/Book4_Power-of-Matrix-main/Book4_Ch04_Python_Codes/Bk4_Ch4_11.py,0,0,0,0,0,0,0,0,0,17,,,,
,,,,,,,,,,,,,,
./Repositories/Book4_Power-of-Matrix-main/Book4_Ch04_Python_Codes/Bk4_Ch4_12.py,0,0,0,0,0,0,0,0,0,21,,,,
,,,,,,,,,,,,,,
./Repositories/Book4_Power-of-Matrix-main/Book4_Ch04_Python_Codes/Bk4_Ch4_13.py,0,0,0,0,0,0,0,0,0,17,,,,
,,,,,,,,,,,,,,
./Repositories/Book4_Power-of-Matrix-main/Book4_Ch04_Python_Codes/Bk4_Ch4_14.py,0,0,0,0,0,0,0,0,0,21,,,,
,,,,,,,,,,,,,,
./Repositories/Book4_Power-of-Matrix-main/Book4_Ch04_Python_Codes/Bk4_Ch4_15.py,0,0,0,0,0,0,0,0,0,16,,,,
,,,,,,,,,,,,,,
./Repositories/Book4_Power-of-Matrix-main/Book4_Ch04_Python_Codes/Streamlit_Bk4_Ch4_16.py,0,0,0,0,0,0,0,0,0,129,,,,
,,,,,,,,,,,,,,
./Repositories/Book4_Power-of-Matrix-main/Book4_Ch05_Python_Codes/Bk4_Ch5_01.py,0,0,0,0,0,0,0,0,0,100,,,,
,,,,,,,,,,,,,,
./Repositories/Book4_Power-of-Matrix-main/Book4_Ch06_Python_Codes/Bk4_Ch6_01.py,0,0,0,0,0,0,0,0,0,33,,,,
,,,,,,,,,,,,,,
./Repositories/Book4_Power-of-Matrix-main/Book4_Ch06_Python_Codes/Bk4_Ch6_02.py,0,0,0,0,0,0,0,0,0,54,,,,
,,,,,,,,,,,,,,
./Repositories/Book4_Power-of-Matrix-main/Book4_Ch06_Python_Codes/Bk4_Ch6_03.py,0,0,0,0,0,0,0,0,0,50,,,,
,,,,,,,,,,,,,,
./Repositories/Book4_Power-of-Matrix-main/Book4_Ch07_Python_Codes/Streamlit_Bk4_Ch7_01.py,0,0,0,0,0,0,0,0,0,116,,,,
,,,,,,,,,,,,,,
./Repositories/Book4_Power-of-Matrix-main/Book4_Ch07_Python_Codes/Streamlit_Bk4_Ch7_02.py,0,0,0,0,0,0,0,0,0,61,,,,
,,,,,,,,,,,,,,
./Repositories/Book4_Power-of-Matrix-main/Book4_Ch08_Python_Codes/Bk4_Ch8_01.py,0,0,0,0,0,0,0,0,0,73,,,,
,,,,,,,,,,,,,,
./Repositories/Book4_Power-of-Matrix-main/Book4_Ch08_Python_Codes/Bk4_Ch8_02.py,0,0,0,0,0,0,0,0,0,68,,,,
,,,,,,,,,,,,,,
./Repositories/Book4_Power-of-Matrix-main/Book4_Ch08_Python_Codes/Streamlit_Bk4_Ch8_02.py,0,0,0,0,0,0,0,0,0,118,,,,
,,,,,,,,,,,,,,
./Repositories/Book4_Power-of-Matrix-main/Book4_Ch08_Python_Codes/Streamlit_Bk4_Ch8_03.py,0,0,0,0,0,0,0,0,0,132,,,,
,,,,,,,,,,,,,,
./Repositories/Book4_Power-of-Matrix-main/Book4_Ch09_Python_Codes/Bk4_Ch9_01.py,0,0,0,0,0,0,0,0,0,36,,,,
,,,,,,,,,,,,,,
./Repositories/Book4_Power-of-Matrix-main/Book4_Ch09_Python_Codes/Bk4_Ch9_02.py,0,0,0,0,0,0,0,0,0,69,,,,
,,,,,,,,,,,,,,
./Repositories/Book4_Power-of-Matrix-main/Book4_Ch10_Python_Codes/Bk4_Ch10_01.py,2,0,0,0,0,1,0,0,0,184,,,,
,,,,,,,,,,,,,,
./Repositories/Book4_Power-of-Matrix-main/Book4_Ch10_Python_Codes/Streamlit_Bk4_Ch10_01.py,0,0,0,0,0,0,0,0,0,131,,,,
,,,,,,,,,,,,,,
./Repositories/Book4_Power-of-Matrix-main/Book4_Ch11_Python_Codes/Bk4_Ch11_01.py,0,0,0,0,0,0,0,0,0,63,,,,
,,,,,,,,,,,,,,
./Repositories/Book4_Power-of-Matrix-main/Book4_Ch11_Python_Codes/Bk4_Ch11_02.py,9,0,0,0,0,0,0,0,0,143,,,,
,,,,,,,,,,,,,,
./Repositories/Book4_Power-of-Matrix-main/Book4_Ch12_Python_Codes/Bk4_Ch12_01.py,0,0,0,0,0,0,0,0,0,54,,,,
,,,,,,,,,,,,,,
./Repositories/Book4_Power-of-Matrix-main/Book4_Ch12_Python_Codes/Bk4_Ch12_02.py,0,0,0,0,0,0,0,0,0,56,,,,
,,,,,,,,,,,,,,
./Repositories/Book4_Power-of-Matrix-main/Book4_Ch13_Python_Codes/Bk4_Ch13_01.py,7,0,0,0,0,0,0,0,0,89,,,,
,,,,,,,,,,,,,,
./Repositories/Book4_Power-of-Matrix-main/Book4_Ch13_Python_Codes/Bk4_Ch13_02.py,0,0,0,0,0,0,0,0,0,96,,,,
,,,,,,,,,,,,,,
./Repositories/Book4_Power-of-Matrix-main/Book4_Ch13_Python_Codes/Bk4_Ch13_03.py,0,0,0,0,0,0,0,0,0,70,,,,
,,,,,,,,,,,,,,
./Repositories/Book4_Power-of-Matrix-main/Book4_Ch13_Python_Codes/Streamlit_Bk4_Ch13_04.py,0,0,0,0,0,0,0,0,0,90,,,,
,,,,,,,,,,,,,,
./Repositories/Book4_Power-of-Matrix-main/Book4_Ch14_Python_Codes/Bk4_Ch14_01.py,0,0,0,0,0,0,0,0,0,22,,,,
,,,,,,,,,,,,,,
./Repositories/Book4_Power-of-Matrix-main/Book4_Ch14_Python_Codes/Bk4_Ch14_02.py,0,0,0,0,0,0,0,0,0,53,,,,
,,,,,,,,,,,,,,
./Repositories/Book4_Power-of-Matrix-main/Book4_Ch14_Python_Codes/Bk4_Ch14_03.py,0,0,0,0,0,0,0,0,0,106,,,,
,,,,,,,,,,,,,,
./Repositories/Book4_Power-of-Matrix-main/Book4_Ch14_Python_Codes/Streamlit_Bk4_Ch14_02.py,0,0,0,0,0,0,0,0,0,54,,,,
,,,,,,,,,,,,,,
./Repositories/Book4_Power-of-Matrix-main/Book4_Ch14_Python_Codes/Streamlit_Bk4_Ch14_04.py,0,0,0,0,0,0,0,0,0,119,,,,
,,,,,,,,,,,,,,
./Repositories/Book4_Power-of-Matrix-main/Book4_Ch15_Python_Codes/Bk4_Ch15_01.py,0,0,0,0,0,0,0,0,0,108,,,,
,,,,,,,,,,,,,,
./Repositories/Book4_Power-of-Matrix-main/Book4_Ch15_Python_Codes/Bk4_Ch15_02.py,6,0,0,0,0,1,0,0,1,225,,,,
,,,,,,,,,,,,,,
./Repositories/Book4_Power-of-Matrix-main/Book4_Ch16_Python_Codes/Bk4_Ch16_01.py,14,0,0,0,0,0,0,0,0,341,,,,
,,,,,,,,,,,,,,
./Repositories/Book4_Power-of-Matrix-main/Book4_Ch16_Python_Codes/Streamlit_Bk4_Ch16_01.py,0,0,0,0,0,0,0,0,0,87,,,,
,,,,,,,,,,,,,,
./Repositories/Book4_Power-of-Matrix-main/Book4_Ch17_Python_Codes/Bk4_Ch17_01.py,0,0,0,0,0,0,0,0,0,78,,,,
,,,,,,,,,,,,,,
./Repositories/Book4_Power-of-Matrix-main/Book4_Ch17_Python_Codes/Bk4_Ch17_02.py,0,0,0,0,0,0,0,0,0,75,,,,
,,,,,,,,,,,,,,
./Repositories/Book4_Power-of-Matrix-main/Book4_Ch17_Python_Codes/Bk4_Ch17_03.py,0,0,0,0,0,0,0,0,0,89,,,,
,,,,,,,,,,,,,,
./Repositories/Book4_Power-of-Matrix-main/Book4_Ch17_Python_Codes/Streamlit_Bk4_Ch17_01.py,2,0,0,0,0,0,0,0,0,85,,,,
,,,,,,,,,,,,,,
./Repositories/Book4_Power-of-Matrix-main/Book4_Ch19_Python_Codes/Bk4_Ch19_01.py,0,0,0,0,0,0,0,0,0,78,,,,
,,,,,,,,,,,,,,
./Repositories/Book4_Power-of-Matrix-main/Book4_Ch20_Python_Codes/Bk4_Ch20_01.py,0,0,0,0,0,0,0,0,0,97,,,,
,,,,,,,,,,,,,,
./Repositories/Book4_Power-of-Matrix-main/Book4_Ch20_Python_Codes/Bk4_Ch20_02.py,0,0,0,0,0,0,0,0,0,56,,,,
,,,,,,,,,,,,,,
./Repositories/Book4_Power-of-Matrix-main/Book4_Ch20_Python_Codes/Bk4_Ch20_03.py,0,0,0,0,0,0,0,0,0,50,,,,
,,,,,,,,,,,,,,
./Repositories/Book4_Power-of-Matrix-main/Book4_Ch20_Python_Codes/Streamlit_Bk4_Ch20_04.py,1,0,0,0,0,0,0,0,0,132,,,,
,,,,,,,,,,,,,,
./Repositories/Book4_Power-of-Matrix-main/Book4_Ch21_Python_Codes/Bk4_Ch21_01.py,0,0,1,0,0,0,0,0,0,26,,,,
,,,,,,,,,,,,,,
./Repositories/Book4_Power-of-Matrix-main/Book4_Ch21_Python_Codes/Bk4_Ch21_02.py,0,0,0,0,0,0,0,0,0,100,,,,
,,,,,,,,,,,,,,
./Repositories/Book4_Power-of-Matrix-main/Book4_Ch21_Python_Codes/Streamlit_Bk4_Ch21_02.py,1,0,0,0,0,0,0,0,0,110,,,,
,,,,,,,,,,,,,,
./Repositories/Book4_Power-of-Matrix-main/Book4_Ch21_Python_Codes/Streamlit_Bk4_Ch21_03.py,3,0,0,0,0,0,0,0,0,117,,,,
,,,,,,,,,,,,,,
./Repositories/Book4_Power-of-Matrix-main/Book4_Ch22_Python_Codes/Bk4_Ch22_01.py,1,0,0,0,0,0,0,0,0,153,,,,
,,,,,,,,,,,,,,
./Repositories/Book4_Power-of-Matrix-main/Book4_Ch24_Python_Codes/Bk4_Ch24_01.py,0,0,0,0,0,0,0,0,0,147,,,,
,,,,,,,,,,,,,,
./Repositories/GET3D-master/data/generate_tets.py,0,0,0,0,0,0,0,0,0,69,,,,
,,,,,,,,,,,,,,
./Repositories/GET3D-master/dnnlib/util.py,5,2,8,3,0,1,0,0,1,494,,,,
,,,,,,,,,,,,,,
./Repositories/GET3D-master/dnnlib/__init__.py,0,0,0,0,0,0,0,0,0,9,,,,
,,,,,,,,,,,,,,
./Repositories/GET3D-master/evaluation_scripts/compute_cd.py,0,0,1,0,0,0,0,2,0,137,,,,
,,,,,,,,,,,,,,
./Repositories/GET3D-master/evaluation_scripts/compute_cov_mmd.py,2,0,0,0,0,0,0,0,0,57,,,,
,,,,,,,,,,,,,,
./Repositories/GET3D-master/evaluation_scripts/compute_lfd.py,0,0,0,0,0,1,0,1,1,109,,,,
,,,,,,,,,,,,,,
./Repositories/GET3D-master/evaluation_scripts/sample_surface.py,2,0,1,0,0,1,0,1,1,318,,,,
,,,,,,,,,,,,,,
./Repositories/GET3D-master/metrics/equivariance.py,2,0,0,1,0,1,0,0,2,278,,,,
,,,,,,,,,,,,,,
./Repositories/GET3D-master/metrics/frechet_inception_distance.py,0,0,1,0,0,0,0,0,0,46,,,,
,,,,,,,,,,,,,,
./Repositories/GET3D-master/metrics/inception_score.py,0,0,1,0,0,0,0,0,0,39,,,,
,,,,,,,,,,,,,,
./Repositories/GET3D-master/metrics/kernel_inception_distance.py,0,0,1,1,0,0,0,0,1,47,,,,
,,,,,,,,,,,,,,
./Repositories/GET3D-master/metrics/metric_main.py,0,0,0,0,0,0,0,0,0,169,,,,
,,,,,,,,,,,,,,
./Repositories/GET3D-master/metrics/metric_utils.py,0,0,1,0,1,2,0,1,6,319,,,,
,,,,,,,,,,,,,,
./Repositories/GET3D-master/metrics/perceptual_path_length.py,0,0,1,0,0,1,0,0,2,128,,,,
,,,,,,,,,,,,,,
./Repositories/GET3D-master/metrics/precision_recall.py,0,0,0,0,0,0,0,0,2,64,,,,
,,,,,,,,,,,,,,
./Repositories/GET3D-master/metrics/__init__.py,0,0,0,0,0,0,0,0,0,9,,,,
,,,,,,,,,,,,,,
./Repositories/GET3D-master/render_shapenet_data/render_all.py,0,0,0,0,0,0,0,0,0,44,,,,
,,,,,,,,,,,,,,
./Repositories/GET3D-master/render_shapenet_data/render_shapenet.py,0,0,0,0,0,0,0,0,0,281,,,,
,,,,,,,,,,,,,,
./Repositories/GET3D-master/torch_utils/custom_ops.py,0,0,2,0,0,1,0,2,1,162,,,,
,,,,,,,,,,,,,,
./Repositories/GET3D-master/torch_utils/misc.py,0,0,1,0,0,1,0,0,2,313,,,,
,,,,,,,,,,,,,,
./Repositories/GET3D-master/torch_utils/persistence.py,0,0,4,0,1,1,0,0,0,261,,,,
,,,,,,,,,,,,,,
./Repositories/GET3D-master/torch_utils/training_stats.py,2,0,4,0,0,2,0,0,0,275,,,,
,,,,,,,,,,,,,,
./Repositories/GET3D-master/torch_utils/__init__.py,0,0,0,0,0,0,0,0,0,10,,,,
,,,,,,,,,,,,,,
./Repositories/GET3D-master/training/dataset.py,7,0,2,0,2,2,0,3,0,334,,,,
,,,,,,,,,,,,,,
./Repositories/GET3D-master/training/discriminator_architecture.py,6,0,0,1,2,4,0,1,4,667,,,,
,,,,,,,,,,,,,,
./Repositories/GET3D-master/training/extract_texture_map.py,0,0,0,0,0,0,0,0,0,40,,,,
,,,,,,,,,,,,,,
./Repositories/GET3D-master/training/geometry_predictor.py,177,0,1,1,2,14,0,2,8,1587,,,,
,,,,,,,,,,,,,,
./Repositories/GET3D-master/training/inference_3d.py,0,0,0,0,0,0,0,0,0,116,,,,
,,,,,,,,,,,,,,
./Repositories/GET3D-master/training/inference_utils.py,15,0,0,0,0,1,0,1,2,302,,,,
,,,,,,,,,,,,,,
./Repositories/GET3D-master/training/loss.py,5,0,0,0,0,1,0,5,1,236,,,,
,,,,,,,,,,,,,,
./Repositories/GET3D-master/training/math_utils_torch.py,0,0,0,0,0,0,0,0,0,35,,,,
,,,,,,,,,,,,,,
./Repositories/GET3D-master/training/networks_get3d.py,24,0,1,1,0,3,0,8,2,737,,,,
,,,,,,,,,,,,,,
./Repositories/GET3D-master/training/sample_camera_distribution.py,0,0,0,0,0,1,0,0,0,185,,,,
,,,,,,,,,,,,,,
./Repositories/GET3D-master/training/training_loop_3d.py,0,1,0,1,0,0,0,2,0,454,,,,
,,,,,,,,,,,,,,
./Repositories/GET3D-master/training/__init__.py,0,0,0,0,0,0,0,0,0,7,,,,
,,,,,,,,,,,,,,
./Repositories/GET3D-master/uni_rep/__init__.py,0,0,0,0,0,0,0,0,0,7,,,,
,,,,,,,,,,,,,,
./Repositories/hackingtool-master/tools/anonsurf.py,0,0,0,0,1,0,0,0,0,46,,,,
,,,,,,,,,,,,,,
./Repositories/hackingtool-master/tools/ddos.py,0,0,0,1,0,0,0,0,0,100,,,,
,,,,,,,,,,,,,,
./Repositories/hackingtool-master/tools/exploit_frameworks.py,0,0,0,0,0,0,0,0,0,55,,,,
,,,,,,,,,,,,,,
./Repositories/hackingtool-master/tools/forensic_tools.py,0,0,0,0,1,0,0,0,0,91,,,,
,,,,,,,,,,,,,,
./Repositories/hackingtool-master/tools/information_gathering_tools.py,0,0,0,0,1,0,0,0,0,222,,,,
,,,,,,,,,,,,,,
./Repositories/hackingtool-master/tools/other_tools.py,0,0,0,0,0,0,0,0,0,46,,,,
,,,,,,,,,,,,,,
./Repositories/hackingtool-master/tools/payload_creator.py,0,0,0,0,0,0,0,0,0,141,,,,
,,,,,,,,,,,,,,
./Repositories/hackingtool-master/tools/phising_attack.py,0,0,0,0,0,0,0,0,0,218,,,,
,,,,,,,,,,,,,,
./Repositories/hackingtool-master/tools/post_exploitation.py,0,0,0,0,0,0,0,0,0,44,,,,
,,,,,,,,,,,,,,
./Repositories/hackingtool-master/tools/remote_administration.py,0,0,0,0,0,0,0,0,0,36,,,,
,,,,,,,,,,,,,,
./Repositories/hackingtool-master/tools/reverse_engineering.py,0,0,0,0,1,0,0,0,0,56,,,,
,,,,,,,,,,,,,,
./Repositories/hackingtool-master/tools/sql_tools.py,0,0,0,0,0,0,0,0,0,114,,,,
,,,,,,,,,,,,,,
./Repositories/hackingtool-master/tools/steganography.py,0,0,1,1,0,0,0,0,0,85,,,,
,,,,,,,,,,,,,,
./Repositories/hackingtool-master/tools/tool_manager.py,2,0,0,0,1,0,0,0,0,66,,,,
,,,,,,,,,,,,,,
./Repositories/hackingtool-master/tools/webattack.py,0,0,0,0,1,0,0,0,0,112,,,,
,,,,,,,,,,,,,,
./Repositories/hackingtool-master/tools/wireless_attack_tools.py,0,0,0,0,0,0,0,0,0,153,,,,
,,,,,,,,,,,,,,
./Repositories/hackingtool-master/tools/wordlist_generator.py,0,0,0,0,0,0,0,0,0,57,,,,
,,,,,,,,,,,,,,
./Repositories/hackingtool-master/tools/xss_attack.py,0,0,0,0,0,0,0,0,0,146,,,,
,,,,,,,,,,,,,,
./Repositories/ml-stable-diffusion-main/python_coreml_stable_diffusion/chunk_mlprogram.py,3,0,0,2,0,2,0,1,0,337,,,,
,,,,,,,,,,,,,,
./Repositories/ml-stable-diffusion-main/python_coreml_stable_diffusion/coreml_model.py,0,0,0,0,0,1,0,1,0,102,,,,
,,,,,,,,,,,,,,
./Repositories/ml-stable-diffusion-main/python_coreml_stable_diffusion/layer_norm.py,0,0,0,0,0,1,0,0,0,80,,,,
,,,,,,,,,,,,,,
./Repositories/ml-stable-diffusion-main/python_coreml_stable_diffusion/pipeline.py,4,0,0,0,0,1,0,4,1,534,,,,
,,,,,,,,,,,,,,
./Repositories/ml-stable-diffusion-main/python_coreml_stable_diffusion/torch2coreml.py,3,1,6,1,3,10,0,2,0,926,,,,
,,,,,,,,,,,,,,
./Repositories/ml-stable-diffusion-main/python_coreml_stable_diffusion/unet.py,70,0,0,0,1,7,0,2,3,1083,,,,
,,,,,,,,,,,,,,
./Repositories/ml-stable-diffusion-main/python_coreml_stable_diffusion/_version.py,0,0,0,0,0,0,0,0,0,1,,,,
,,,,,,,,,,,,,,
./Repositories/ml-stable-diffusion-main/python_coreml_stable_diffusion/__init__.py,0,0,0,0,0,0,0,0,0,1,,,,
,,,,,,,,,,,,,,
./Repositories/ml-stable-diffusion-main/tests/test_stable_diffusion.py,1,0,2,0,0,3,0,1,0,410,,,,
,,,,,,,,,,,,,,
./Repositories/ml-stable-diffusion-main/tests/__init__.py,0,0,0,0,0,0,0,0,0,0,,,,
,,,,,,,,,,,,,,
./Repositories/voltaML-main/voltaml/build_engine.py,0,0,2,0,1,2,0,1,0,249,,,,
,,,,,,,,,,,,,,
./Repositories/voltaML-main/voltaml/compile.py,3,0,0,0,2,4,0,4,2,545,,,,
,,,,,,,,,,,,,,
./Repositories/voltaML-main/voltaml/image_batcher.py,1,0,1,1,0,3,0,0,1,176,,,,
,,,,,,,,,,,,,,
./Repositories/voltaML-main/voltaml/inference.py,16,0,2,0,0,2,0,7,5,759,,,,
,,,,,,,,,,,,,,
./Repositories/voltaML-main/voltaml/optimize.py,0,1,0,0,0,0,0,0,1,69,,,,
,,,,,,,,,,,,,,
./Repositories/voltaML-main/voltaml/test_voltaml_cpu.py,0,0,0,0,0,0,0,0,0,36,,,,
,,,,,,,,,,,,,,
./Repositories/voltaML-main/voltaml/test_voltaml_gpu.py,0,0,0,0,0,1,0,0,0,92,,,,
,,,,,,,,,,,,,,
./Repositories/voltaML-main/voltaml/trt_infer.py,0,2,1,0,0,2,0,0,0,101,,,,
,,,,,,,,,,,,,,
./Repositories/voltaML-main/voltaml/__init__.py,0,0,0,0,0,0,0,0,0,1,,,,
,,,,,,,,,,,,,,
./Repositories/advent-of-code-master/py/2018/day15.py,0,0,3,0,0,2,0,0,1,143,,,,
,,,,,,,,,,,,,,
./Repositories/advent-of-code-master/py/2018/day15_astar.py,0,0,1,0,0,1,0,0,0,65,,,,
,,,,,,,,,,,,,,
./Repositories/advent-of-code-master/py/2018/day15_visualizer.py,0,0,0,0,0,0,0,0,0,46,,,,
,,,,,,,,,,,,,,
./Repositories/advent-of-code-master/py/2021/day01.py,0,0,0,0,0,0,0,0,0,8,,,,
,,,,,,,,,,,,,,
./Repositories/advent-of-code-master/py/2021/day02.py,0,0,0,0,0,0,0,0,0,26,,,,
,,,,,,,,,,,,,,
./Repositories/advent-of-code-master/py/2021/day03.py,0,0,0,0,0,0,0,0,0,24,,,,
,,,,,,,,,,,,,,
./Repositories/advent-of-code-master/py/2021/day04.py,9,0,2,0,0,0,0,0,0,53,,,,
,,,,,,,,,,,,,,
./Repositories/advent-of-code-master/py/2021/day05.py,7,0,1,0,0,0,0,0,0,38,,,,
,,,,,,,,,,,,,,
./Repositories/advent-of-code-master/py/2021/day06.py,0,0,0,0,0,0,0,0,0,23,,,,
,,,,,,,,,,,,,,
./Repositories/advent-of-code-master/py/2021/day07.py,0,0,0,0,0,0,0,0,0,11,,,,
,,,,,,,,,,,,,,
./Repositories/advent-of-code-master/py/2021/day08.py,0,0,0,0,0,0,0,0,0,23,,,,
,,,,,,,,,,,,,,
./Repositories/advent-of-code-master/py/2021/day08_improved.py,0,0,0,0,0,0,0,0,0,52,,,,
,,,,,,,,,,,,,,
./Repositories/advent-of-code-master/py/2021/day09.py,0,0,1,0,0,0,0,0,0,28,,,,
,,,,,,,,,,,,,,
./Repositories/advent-of-code-master/py/2021/day10.py,4,0,0,0,0,0,0,0,0,37,,,,
,,,,,,,,,,,,,,
./Repositories/advent-of-code-master/py/2021/day11.py,10,0,2,0,1,0,0,0,0,57,,,,
,,,,,,,,,,,,,,
./Repositories/advent-of-code-master/py/2021/day11_visualizer.py,0,0,1,1,0,1,0,0,0,60,,,,
,,,,,,,,,,,,,,
./Repositories/advent-of-code-master/py/2021/day12.py,4,0,4,0,1,0,0,0,0,51,,,,
,,,,,,,,,,,,,,
./Repositories/advent-of-code-master/py/2021/day13.py,0,0,0,0,0,0,0,0,0,32,,,,
,,,,,,,,,,,,,,
./Repositories/advent-of-code-master/py/2021/day14.py,1,0,0,0,0,0,0,0,0,41,,,,
,,,,,,,,,,,,,,
./Repositories/advent-of-code-master/py/2021/day15.py,4,0,0,1,0,0,0,0,0,51,,,,
,,,,,,,,,,,,,,
./Repositories/advent-of-code-master/py/2021/day15_visualizer.py,0,0,1,0,0,0,0,0,0,48,,,,
,,,,,,,,,,,,,,
./Repositories/advent-of-code-master/py/2021/day16.py,12,0,4,0,0,2,0,0,0,92,,,,
,,,,,,,,,,,,,,
./Repositories/advent-of-code-master/py/2021/day16_improved.py,0,0,1,0,0,1,0,0,0,85,,,,
,,,,,,,,,,,,,,
./Repositories/advent-of-code-master/py/2021/day17.py,4,0,1,0,0,0,0,0,0,60,,,,
,,,,,,,,,,,,,,
./Repositories/advent-of-code-master/py/2021/day18.py,0,0,5,0,0,0,0,0,0,78,,,,
,,,,,,,,,,,,,,
./Repositories/advent-of-code-master/py/2021/day19.py,0,0,0,2,0,0,0,0,0,77,,,,
,,,,,,,,,,,,,,
./Repositories/advent-of-code-master/py/2021/day19_improved.py,0,0,0,0,0,0,0,0,0,5,,,,
,,,,,,,,,,,,,,
./Repositories/advent-of-code-master/py/2021/day20.py,2,0,0,0,0,0,0,0,0,35,,,,
,,,,,,,,,,,,,,
./Repositories/advent-of-code-master/py/2021/day21.py,0,0,0,0,0,0,0,0,0,40,,,,
,,,,,,,,,,,,,,
./Repositories/advent-of-code-master/py/2021/day22.py,0,0,0,0,0,0,0,0,0,61,,,,
,,,,,,,,,,,,,,
./Repositories/advent-of-code-master/py/2021/day22_improved.py,0,0,0,0,0,0,0,0,0,53,,,,
,,,,,,,,,,,,,,
./Repositories/advent-of-code-master/py/2021/day23.py,0,0,2,0,0,0,0,0,1,69,,,,
,,,,,,,,,,,,,,
./Repositories/advent-of-code-master/py/2021/day24.py,3,0,0,0,0,0,0,0,0,51,,,,
,,,,,,,,,,,,,,
./Repositories/advent-of-code-master/py/2021/day25.py,0,0,0,0,0,0,0,0,0,36,,,,
,,,,,,,,,,,,,,
./Repositories/advent-of-code-master/py/2022/day01.py,0,0,0,0,0,0,0,0,0,16,,,,
,,,,,,,,,,,,,,
./Repositories/advent-of-code-master/py/2022/day02.py,1,0,0,0,0,0,0,0,0,41,,,,
,,,,,,,,,,,,,,
./Repositories/advent-of-code-master/py/2022/day03.py,0,0,0,0,0,0,0,0,0,31,,,,
,,,,,,,,,,,,,,
./Repositories/advent-of-code-master/py/2022/day04.py,3,0,0,0,0,0,0,0,0,27,,,,
,,,,,,,,,,,,,,
./Repositories/GET3D-master/evaluation_scripts/compute_lfd_feat/compute_lfd_feat_multiprocess.py,0,0,2,0,0,0,0,1,0,131,,,,
,,,,,,,,,,,,,,
./Repositories/GET3D-master/evaluation_scripts/compute_lfd_feat/lfd_me.py,0,0,0,0,0,2,0,0,1,131,,,,
,,,,,,,,,,,,,,
./Repositories/GET3D-master/evaluation_scripts/lfd_all_compute/lfd.py,0,0,0,0,0,0,0,0,0,122,,,,
,,,,,,,,,,,,,,
./Repositories/GET3D-master/evaluation_scripts/load_data/interface.py,0,0,0,0,0,0,0,0,0,38,,,,
,,,,,,,,,,,,,,
./Repositories/GET3D-master/evaluation_scripts/load_data/__init__.py,0,0,0,0,0,0,0,0,0,7,,,,
,,,,,,,,,,,,,,
./Repositories/GET3D-master/torch_utils/ops/bias_act.py,3,0,2,0,0,1,0,0,3,216,,,,
,,,,,,,,,,,,,,
./Repositories/GET3D-master/torch_utils/ops/conv2d_gradfix.py,0,0,7,0,2,1,0,0,3,206,,,,
,,,,,,,,,,,,,,
./Repositories/GET3D-master/torch_utils/ops/conv2d_resample.py,1,0,1,0,0,1,0,1,2,146,,,,
,,,,,,,,,,,,,,
./Repositories/GET3D-master/torch_utils/ops/filtered_lrelu.py,3,0,3,3,0,3,0,1,3,286,,,,
,,,,,,,,,,,,,,
./Repositories/GET3D-master/torch_utils/ops/fma.py,0,0,0,1,0,0,0,0,0,63,,,,
,,,,,,,,,,,,,,
./Repositories/GET3D-master/torch_utils/ops/grid_sample_gradfix.py,0,0,1,0,2,0,0,0,0,81,,,,
,,,,,,,,,,,,,,
./Repositories/GET3D-master/torch_utils/ops/upfirdn2d.py,15,0,3,0,0,4,0,0,7,402,,,,
,,,,,,,,,,,,,,
./Repositories/GET3D-master/torch_utils/ops/__init__.py,0,0,0,0,0,0,0,0,0,9,,,,
,,,,,,,,,,,,,,
./Repositories/GET3D-master/training/utils/ops.py,0,0,0,0,0,1,0,0,0,136,,,,
,,,,,,,,,,,,,,
./Repositories/GET3D-master/training/utils/utils_3d.py,2,0,0,0,0,0,0,1,1,126,,,,
,,,,,,,,,,,,,,
./Repositories/GET3D-master/training/utils/utils_tet.py,0,0,0,0,0,0,0,0,0,20,,,,
,,,,,,,,,,,,,,
./Repositories/GET3D-master/training/utils/__init__.py,0,0,0,0,0,0,0,0,0,7,,,,
,,,,,,,,,,,,,,
./Repositories/GET3D-master/uni_rep/camera/perspective_camera.py,0,0,0,0,0,0,0,0,0,35,,,,
,,,,,,,,,,,,,,
./Repositories/GET3D-master/uni_rep/camera/__init__.py,0,0,0,0,0,0,0,0,0,16,,,,
,,,,,,,,,,,,,,
./Repositories/GET3D-master/uni_rep/render/neural_render.py,0,1,0,1,0,0,0,0,0,84,,,,
,,,,,,,,,,,,,,
./Repositories/GET3D-master/uni_rep/render/__init__.py,0,0,0,0,0,0,0,0,0,8,,,,
,,,,,,,,,,,,,,
./Repositories/GET3D-master/uni_rep/rep_3d/dmtet.py,21,0,0,1,0,4,0,1,5,504,,,,
,,,,,,,,,,,,,,
./Repositories/GET3D-master/uni_rep/rep_3d/dmtet_utils.py,0,0,0,0,0,0,0,0,0,20,,,,
,,,,,,,,,,,,,,
./Repositories/GET3D-master/uni_rep/rep_3d/__init__.py,0,0,0,0,0,0,0,0,0,18,,,,
,,,,,,,,,,,,,,
./Repositories/hackingtool-master/tools/others/android_attack.py,0,0,0,0,0,0,0,0,0,67,,,,
,,,,,,,,,,,,,,
./Repositories/hackingtool-master/tools/others/email_verifier.py,0,0,0,0,0,0,0,0,0,20,,,,
,,,,,,,,,,,,,,
./Repositories/hackingtool-master/tools/others/hash_crack.py,0,0,0,0,0,0,0,0,0,21,,,,
,,,,,,,,,,,,,,
./Repositories/hackingtool-master/tools/others/homograph_attacks.py,0,0,0,0,0,0,0,0,0,17,,,,
,,,,,,,,,,,,,,
./Repositories/hackingtool-master/tools/others/mix_tools.py,0,0,0,0,0,0,0,0,0,19,,,,
,,,,,,,,,,,,,,
./Repositories/hackingtool-master/tools/others/payload_injection.py,0,0,0,0,0,0,0,0,0,37,,,,
,,,,,,,,,,,,,,
./Repositories/hackingtool-master/tools/others/socialmedia.py,2,0,0,0,0,0,0,0,0,74,,,,
,,,,,,,,,,,,,,
./Repositories/hackingtool-master/tools/others/socialmedia_finder.py,0,0,0,0,0,0,0,0,0,87,,,,
,,,,,,,,,,,,,,
./Repositories/hackingtool-master/tools/others/web_crawling.py,0,0,0,0,0,0,0,0,0,18,,,,
,,,,,,,,,,,,,,
./Repositories/hackingtool-master/tools/others/wifi_jamming.py,0,0,0,1,0,0,0,0,0,37,,,,
,,,,,,,,,,,,,,
./Repositories/public-apis-master/scripts/tests/test_validate_format.py,30,0,0,0,0,1,0,0,0,466,,,,
,,,,,,,,,,,,,,
./Repositories/public-apis-master/scripts/tests/test_validate_links.py,2,0,0,0,0,1,0,0,0,172,,,,
,,,,,,,,,,,,,,
./Repositories/public-apis-master/scripts/tests/__init__.py,0,0,0,0,0,0,0,0,0,1,,,,
,,,,,,,,,,,,,,
./Repositories/public-apis-master/scripts/validate/format.py,0,0,0,0,0,1,0,1,0,277,,,,
,,,,,,,,,,,,,,
./Repositories/public-apis-master/scripts/validate/links.py,0,2,4,0,0,2,0,1,0,272,,,,
,,,,,,,,,,,,,,
./Repositories/public-apis-master/scripts/validate/__init__.py,0,0,0,0,0,0,0,0,0,4,,,,
,,,,,,,,,,,,,,
./Repositories/voltaML-main/voltaml/models/common.py,6,4,3,1,2,7,0,2,11,700,,,,
,,,,,,,,,,,,,,
./Repositories/voltaML-main/voltaml/models/experimental.py,0,0,1,0,1,0,0,0,2,122,,,,
,,,,,,,,,,,,,,
./Repositories/voltaML-main/voltaml/models/export.py,6,0,1,0,0,2,0,2,5,595,,,,
,,,,,,,,,,,,,,
./Repositories/voltaML-main/voltaml/models/tf.py,6,2,1,2,2,1,0,1,8,498,,,,
,,,,,,,,,,,,,,
./Repositories/voltaML-main/voltaml/models/yolo.py,0,0,1,1,0,1,0,1,2,335,,,,
,,,,,,,,,,,,,,
./Repositories/voltaML-main/voltaml/models/__init__.py,0,0,0,0,0,0,0,0,0,0,,,,
,,,,,,,,,,,,,,
./Repositories/voltaML-main/voltaml/transformer/convert.py,6,0,2,0,0,1,0,3,0,420,,,,
,,,,,,,,,,,,,,
./Repositories/voltaML-main/voltaml/transformer/__init__.py,0,0,0,0,0,0,0,0,0,13,,,,
,,,,,,,,,,,,,,
./Repositories/voltaML-main/voltaml/utils/activations.py,0,1,1,0,0,0,0,0,0,103,,,,
,,,,,,,,,,,,,,
./Repositories/voltaML-main/voltaml/utils/augmentations.py,0,1,1,2,0,0,0,4,1,284,,,,
,,,,,,,,,,,,,,
./Repositories/voltaML-main/voltaml/utils/autoanchor.py,0,0,1,0,0,1,0,0,1,170,,,,
,,,,,,,,,,,,,,
./Repositories/voltaML-main/voltaml/utils/autobatch.py,0,0,1,0,0,0,0,0,0,58,,,,
,,,,,,,,,,,,,,
./Repositories/voltaML-main/voltaml/utils/benchmarks.py,13,0,0,0,0,0,0,0,0,144,,,,
,,,,,,,,,,,,,,
./Repositories/voltaML-main/voltaml/utils/callbacks.py,0,0,0,0,0,1,0,0,0,71,,,,
,,,,,,,,,,,,,,
./Repositories/voltaML-main/voltaml/utils/dataloaders.py,8,2,4,5,4,9,0,9,4,1094,,,,
,,,,,,,,,,,,,,
./Repositories/voltaML-main/voltaml/utils/datasets.py,8,2,4,5,4,9,0,9,4,1078,,,,
,,,,,,,,,,,,,,
./Repositories/voltaML-main/voltaml/utils/detect.py,0,0,0,0,0,0,0,0,0,227,,,,
,,,,,,,,,,,,,,
./Repositories/voltaML-main/voltaml/utils/downloads.py,0,1,2,0,0,0,0,1,1,156,,,,
,,,,,,,,,,,,,,
./Repositories/voltaML-main/voltaml/utils/general.py,1,2,11,5,3,2,0,3,7,967,,,,
,,,,,,,,,,,,,,
./Repositories/voltaML-main/voltaml/utils/loss.py,9,1,2,0,1,2,0,2,0,234,,,,
,,,,,,,,,,,,,,
./Repositories/voltaML-main/voltaml/utils/metrics.py,5,0,1,1,0,2,0,1,4,348,,,,
,,,,,,,,,,,,,,
./Repositories/voltaML-main/voltaml/utils/plots.py,0,1,3,0,1,3,0,5,7,491,,,,
,,,,,,,,,,,,,,
./Repositories/voltaML-main/voltaml/utils/torch_utils.py,0,0,1,0,1,1,0,0,2,312,,,,
,,,,,,,,,,,,,,
./Repositories/voltaML-main/voltaml/utils/__init__.py,0,0,0,0,0,0,0,0,0,36,,,,
,,,,,,,,,,,,,,
./Repositories/voltaML-main/voltaml/models/yolov6/__init__.py,0,0,0,0,0,0,0,0,0,0,,,,
,,,,,,,,,,,,,,
./Repositories/voltaML-main/voltaml/models/yolov6/__main__.py,0,0,0,0,0,0,0,0,0,0,,,,
,,,,,,,,,,,,,,
./Repositories/voltaML-main/voltaml/transformer/backends/onnx_utils.py,0,0,0,0,0,2,0,1,0,269,,,,
,,,,,,,,,,,,,,
./Repositories/voltaML-main/voltaml/transformer/backends/ort_utils.py,2,0,0,3,0,1,0,0,0,474,,,,
,,,,,,,,,,,,,,
./Repositories/voltaML-main/voltaml/transformer/backends/pytorch_utils.py,3,0,0,0,0,0,0,1,0,173,,,,
,,,,,,,,,,,,,,
./Repositories/voltaML-main/voltaml/transformer/backends/st_utils.py,0,0,0,0,0,0,0,0,0,75,,,,
,,,,,,,,,,,,,,
./Repositories/voltaML-main/voltaml/transformer/backends/trt_utils.py,5,0,1,1,0,0,0,0,0,365,,,,
,,,,,,,,,,,,,,
./Repositories/voltaML-main/voltaml/transformer/backends/__init__.py,0,0,0,0,0,0,0,0,0,13,,,,
,,,,,,,,,,,,,,
./Repositories/voltaML-main/voltaml/transformer/benchmarks/utils.py,0,0,0,0,0,0,0,0,0,136,,,,
,,,,,,,,,,,,,,
./Repositories/voltaML-main/voltaml/transformer/benchmarks/__init__.py,0,0,0,0,0,0,0,0,0,13,,,,
,,,,,,,,,,,,,,
./Repositories/voltaML-main/voltaml/transformer/QDQModels/ast_operator_patch.py,5,2,0,0,2,0,0,0,1,149,,,,
,,,,,,,,,,,,,,
./Repositories/voltaML-main/voltaml/transformer/QDQModels/ast_utils.py,0,0,1,0,0,0,0,0,0,199,,,,
,,,,,,,,,,,,,,
./Repositories/voltaML-main/voltaml/transformer/QDQModels/calibration_utils.py,0,0,0,0,0,1,0,1,0,115,,,,
,,,,,,,,,,,,,,
./Repositories/voltaML-main/voltaml/transformer/QDQModels/patch.py,3,0,0,0,0,0,0,0,0,78,,,,
,,,,,,,,,,,,,,
./Repositories/voltaML-main/voltaml/transformer/QDQModels/QDQAlbert.py,0,0,0,0,0,0,0,0,0,23,,,,
,,,,,,,,,,,,,,
./Repositories/voltaML-main/voltaml/transformer/QDQModels/QDQBert.py,0,0,0,0,0,0,0,0,0,23,,,,
,,,,,,,,,,,,,,
./Repositories/voltaML-main/voltaml/transformer/QDQModels/QDQDeberta.py,0,0,0,0,0,0,0,0,0,79,,,,
,,,,,,,,,,,,,,
./Repositories/voltaML-main/voltaml/transformer/QDQModels/QDQDistilbert.py,0,0,0,0,0,0,0,0,0,23,,,,
,,,,,,,,,,,,,,
./Repositories/voltaML-main/voltaml/transformer/QDQModels/QDQElectra.py,0,0,0,0,0,0,0,0,0,24,,,,
,,,,,,,,,,,,,,
./Repositories/voltaML-main/voltaml/transformer/QDQModels/QDQRoberta.py,0,0,0,0,0,0,0,0,0,48,,,,
,,,,,,,,,,,,,,
./Repositories/voltaML-main/voltaml/transformer/QDQModels/__init__.py,0,0,0,0,0,0,0,0,0,13,,,,
,,,,,,,,,,,,,,
./Repositories/voltaML-main/voltaml/transformer/triton/configuration.py,0,0,1,0,0,0,0,0,0,182,,,,
,,,,,,,,,,,,,,
./Repositories/voltaML-main/voltaml/transformer/triton/configuration_decoder.py,2,0,0,0,0,0,0,0,0,82,,,,
,,,,,,,,,,,,,,
./Repositories/voltaML-main/voltaml/transformer/triton/configuration_encoder.py,5,0,0,0,0,0,0,0,0,133,,,,
,,,,,,,,,,,,,,
./Repositories/voltaML-main/voltaml/transformer/triton/configuration_question_answering.py,2,0,0,0,0,0,0,0,0,133,,,,
,,,,,,,,,,,,,,
./Repositories/voltaML-main/voltaml/transformer/triton/configuration_token_classifier.py,2,0,0,0,0,0,0,0,0,98,,,,
,,,,,,,,,,,,,,
./Repositories/voltaML-main/voltaml/transformer/triton/__init__.py,0,0,0,0,0,0,0,0,0,13,,,,
,,,,,,,,,,,,,,
./Repositories/voltaML-main/voltaml/transformer/utils/args.py,0,0,0,0,0,1,0,0,0,93,,,,
,,,,,,,,,,,,,,
./Repositories/voltaML-main/voltaml/transformer/utils/fastseq.py,0,0,0,0,0,0,0,0,1,52,,,,
,,,,,,,,,,,,,,
./Repositories/voltaML-main/voltaml/transformer/utils/generative_model.py,0,0,0,0,0,0,0,0,0,123,,,,
,,,,,,,,,,,,,,
./Repositories/voltaML-main/voltaml/transformer/utils/python_tokenizer.py,0,0,0,0,0,0,0,0,0,73,,,,
,,,,,,,,,,,,,,
./Repositories/voltaML-main/voltaml/transformer/utils/question_answering.py,0,0,0,0,0,0,0,0,0,125,,,,
,,,,,,,,,,,,,,
./Repositories/voltaML-main/voltaml/transformer/utils/token_classifier.py,0,0,0,0,0,0,0,0,0,123,,,,
,,,,,,,,,,,,,,
./Repositories/voltaML-main/voltaml/transformer/utils/__init__.py,0,0,0,0,0,0,0,0,0,13,,,,
,,,,,,,,,,,,,,
./Repositories/voltaML-main/voltaml/utils/aws/resume.py,0,0,0,0,0,0,0,0,0,40,,,,
,,,,,,,,,,,,,,
./Repositories/voltaML-main/voltaml/utils/aws/__init__.py,0,0,0,0,0,0,0,0,0,0,,,,
,,,,,,,,,,,,,,
./Repositories/voltaML-main/voltaml/utils/flask_rest_api/example_request.py,0,0,0,0,0,0,0,0,0,19,,,,
,,,,,,,,,,,,,,
./Repositories/voltaML-main/voltaml/utils/flask_rest_api/restapi.py,0,0,1,0,0,0,0,0,0,42,,,,
,,,,,,,,,,,,,,
./Repositories/voltaML-main/voltaml/utils/loggers/__init__.py,0,0,0,0,0,2,0,1,6,187,,,,
,,,,,,,,,,,,,,
./Repositories/voltaML-main/voltaml/models/yolov6/assigners/anchor_generator.py,0,0,1,0,0,1,0,1,1,52,,,,
,,,,,,,,,,,,,,
./Repositories/voltaML-main/voltaml/models/yolov6/assigners/assigner_utils.py,0,0,0,0,0,0,0,0,0,89,,,,
,,,,,,,,,,,,,,
./Repositories/voltaML-main/voltaml/models/yolov6/assigners/atss_assigner.py,0,0,0,0,0,1,0,0,0,163,,,,
,,,,,,,,,,,,,,
./Repositories/voltaML-main/voltaml/models/yolov6/assigners/iou2d_calculator.py,0,0,3,0,0,1,0,1,2,249,,,,
,,,,,,,,,,,,,,
./Repositories/voltaML-main/voltaml/models/yolov6/assigners/tal_assigner.py,1,0,0,0,0,1,0,0,0,151,,,,
,,,,,,,,,,,,,,
./Repositories/voltaML-main/voltaml/models/yolov6/assigners/__init__.py,0,0,0,0,0,0,0,0,0,2,,,,
,,,,,,,,,,,,,,
./Repositories/voltaML-main/voltaml/models/yolov6/core/engine.py,1,0,2,0,0,4,0,3,4,513,,,,
,,,,,,,,,,,,,,
./Repositories/voltaML-main/voltaml/models/yolov6/core/evaler.py,5,0,2,2,1,4,0,5,4,549,,,,
,,,,,,,,,,,,,,
./Repositories/voltaML-main/voltaml/models/yolov6/core/inferer.py,0,1,4,1,1,3,0,2,3,285,,,,
,,,,,,,,,,,,,,
./Repositories/voltaML-main/voltaml/models/yolov6/data/datasets.py,2,0,3,0,1,4,0,8,0,629,,,,
,,,,,,,,,,,,,,
./Repositories/voltaML-main/voltaml/models/yolov6/data/data_augment.py,0,0,1,3,0,1,0,2,3,197,,,,
,,,,,,,,,,,,,,
./Repositories/voltaML-main/voltaml/models/yolov6/data/data_load.py,1,0,0,0,2,0,0,0,0,113,,,,
,,,,,,,,,,,,,,
./Repositories/voltaML-main/voltaml/models/yolov6/data/vis_dataset.py,0,0,0,0,0,0,0,0,0,58,,,,
,,,,,,,,,,,,,,
./Repositories/voltaML-main/voltaml/models/yolov6/data/voc2yolo.py,0,0,0,1,0,0,0,0,0,100,,,,
,,,,,,,,,,,,,,
./Repositories/voltaML-main/voltaml/models/yolov6/layers/common.py,14,0,6,0,3,1,0,0,8,466,,,,
,,,,,,,,,,,,,,
./Repositories/voltaML-main/voltaml/models/yolov6/layers/dbb_transforms.py,0,0,0,0,0,0,0,0,1,50,,,,
,,,,,,,,,,,,,,
./Repositories/voltaML-main/voltaml/models/yolov6/models/efficientrep.py,42,0,0,0,0,2,0,0,0,220,,,,
,,,,,,,,,,,,,,
./Repositories/voltaML-main/voltaml/models/yolov6/models/effidehead.py,19,0,2,0,0,4,0,1,0,239,,,,
,,,,,,,,,,,,,,
./Repositories/voltaML-main/voltaml/models/yolov6/models/end2end.py,31,0,0,0,2,1,0,0,5,260,,,,
,,,,,,,,,,,,,,
./Repositories/voltaML-main/voltaml/models/yolov6/models/loss.py,0,0,0,0,1,1,0,1,2,208,,,,
,,,,,,,,,,,,,,
./Repositories/voltaML-main/voltaml/models/yolov6/models/loss_distill.py,1,0,0,0,1,2,0,2,3,297,,,,
,,,,,,,,,,,,,,
./Repositories/voltaML-main/voltaml/models/yolov6/models/reppan.py,7,0,0,0,1,2,0,0,0,242,,,,
,,,,,,,,,,,,,,
./Repositories/voltaML-main/voltaml/models/yolov6/models/yolo.py,6,0,0,0,0,1,0,1,1,114,,,,
,,,,,,,,,,,,,,
./Repositories/voltaML-main/voltaml/models/yolov6/models/__init__.py,0,0,0,0,0,0,0,0,0,0,,,,
,,,,,,,,,,,,,,
./Repositories/voltaML-main/voltaml/models/yolov6/solver/build.py,0,0,0,0,0,0,0,0,0,46,,,,
,,,,,,,,,,,,,,
./Repositories/voltaML-main/voltaml/models/yolov6/utils/checkpoint.py,0,0,0,0,0,0,0,0,0,61,,,,
,,,,,,,,,,,,,,
./Repositories/voltaML-main/voltaml/models/yolov6/utils/config.py,0,0,0,0,1,1,0,1,0,101,,,,
,,,,,,,,,,,,,,
./Repositories/voltaML-main/voltaml/models/yolov6/utils/ema.py,0,0,0,0,0,0,0,0,1,59,,,,
,,,,,,,,,,,,,,
./Repositories/voltaML-main/voltaml/models/yolov6/utils/envs.py,0,0,0,0,0,0,0,0,0,54,,,,
,,,,,,,,,,,,,,
./Repositories/voltaML-main/voltaml/models/yolov6/utils/events.py,0,0,0,0,0,0,0,0,0,55,,,,
,,,,,,,,,,,,,,
./Repositories/voltaML-main/voltaml/models/yolov6/utils/figure_iou.py,0,0,0,0,0,2,0,0,1,127,,,,
,,,,,,,,,,,,,,
./Repositories/voltaML-main/voltaml/models/yolov6/utils/general.py,0,0,1,0,0,0,0,0,0,82,,,,
,,,,,,,,,,,,,,
./Repositories/voltaML-main/voltaml/models/yolov6/utils/metrics.py,5,1,1,0,1,2,0,0,3,258,,,,
,,,,,,,,,,,,,,
./Repositories/voltaML-main/voltaml/models/yolov6/utils/nms.py,0,0,0,2,0,1,0,0,1,105,,,,
,,,,,,,,,,,,,,
./Repositories/voltaML-main/voltaml/models/yolov6/utils/RepOptimizer.py,1,0,0,1,0,1,0,1,0,195,,,,
,,,,,,,,,,,,,,
./Repositories/voltaML-main/voltaml/models/yolov6/utils/torch_utils.py,0,0,0,0,0,0,0,0,0,111,,,,
,,,,,,,,,,,,,,
./Repositories/voltaML-main/voltaml/utils/loggers/wandb/log_dataset.py,0,1,0,0,0,0,0,1,0,27,,,,
,,,,,,,,,,,,,,
./Repositories/voltaML-main/voltaml/utils/loggers/wandb/sweep.py,0,0,0,0,0,0,0,0,0,41,,,,
,,,,,,,,,,,,,,
./Repositories/voltaML-main/voltaml/utils/loggers/wandb/wandb_utils.py,5,0,7,0,0,5,0,7,4,577,,,,
